2.387758436621504734e+04,-2.041677509761210240e+04,-9.305176973644513055e+03
2.440792883682915635e+04,-2.003251178646895278e+04,-9.112753883169310939e+03
2.488129968586863470e+04,-1.968555591772730622e+04,-8.913207548842792676e+03
2.532891126412827725e+04,-1.931568570663227001e+04,-8.670992246600459112e+03
2.579261865587977809e+04,-1.894471348512591794e+04,-8.417525741276553163e+03
2.623251923751452705e+04,-1.856000098502493711e+04,-8.124763308980361217e+03
2.674000222031799785e+04,-1.811805156048978461e+04,-7.721018219732382022e+03
2.719474352524548522e+04,-1.771647297321689257e+04,-7.337055946924674572e+03
2.762091563646639042e+04,-1.729474081932962508e+04,-6.914470894369618691e+03
2.806378027178467164e+04,-1.686946558602138975e+04,-6.479802962996219321e+03
2.848036255969037302e+04,-1.643172936884848968e+04,-6.008445442333174469e+03
2.895608187406891011e+04,-1.593119044067397226e+04,-5.399957910099313267e+03
2.938444305267574964e+04,-1.547507674398138624e+04,-4.841180669405748631e+03
2.978188213568434003e+04,-1.500169257363529869e+04,-4.253789146787077698e+03
3.019813302244805891e+04,-1.452189879515676148e+04,-3.658411501159858290e+03
3.058572432894710073e+04,-1.403299524350274805e+04,-3.038238683432781727e+03
3.102534060519302147e+04,-1.347690933268655135e+04,-2.266558570183998199e+03
3.142356777933594276e+04,-1.296703922209567645e+04,-1.569727764856166687e+03
3.178683589486197889e+04,-1.244600421100044696e+04,-8.623075663950817216e+02
3.217071733119624332e+04,-1.191604676798529908e+04,-1.537068793619036171e+02
3.252355300455265751e+04,-1.138096601208609354e+04,5.640908483327730210e+02
3.291749009893220500e+04,-1.077825017276103245e+04,1.431527339021317175e+03
3.327760823965336022e+04,-1.022335877154045374e+04,2.203474653952617246e+03
3.359844685479842155e+04,-9.662360952956099936e+03,2.967044569829182365e+03
3.393908236858427699e+04,-9.091988038100309495e+03,3.719642871547227514e+03
3.423994775898408261e+04,-8.519246729671453068e+03,4.461557880464089976e+03
3.455901716544656665e+04,-7.875577891058931527e+03,5.331609226682496228e+03
3.483992587872545846e+04,-7.277753866860000016e+03,6.082921032744653530e+03
3.506507548024832067e+04,-6.675791327807233756e+03,6.791100443655682284e+03
3.529861295168527431e+04,-6.059425967177357052e+03,7.460352953536747009e+03
3.547989981924956373e+04,-5.444507783574124005e+03,8.081306014939323177e+03
3.564913240831684379e+04,-4.759820466325904817e+03,8.766188154842615404e+03
3.579014275453489972e+04,-4.124407741927252573e+03,9.316800468224832002e+03
3.587166880175763799e+04,-3.495643526211940298e+03,9.788128184354030964e+03
3.596113521692126960e+04,-2.853212118331005968e+03,1.019686236751359138e+04
3.599661974028778059e+04,-2.220247920610086567e+03,1.053119773320252170e+04
3.599657816680245014e+04,-1.528747663327724922e+03,1.085792601984470275e+04
3.598535870507923391e+04,-8.882381958071833878e+02,1.106913188110922238e+04
3.591725695784914569e+04,-2.660133018290670748e+02,1.118881629566790798e+04
3.585937271745119506e+04,3.671627642299495733e+02,1.123979395998295149e+04
3.574998049009956594e+04,9.827633166455799483e+02,1.121302846965162826e+04
3.558637719569756882e+04,1.642037077245079900e+03,1.112493275985846230e+04
3.542819389442953252e+04,2.251479040265060576e+03,1.096168001223211650e+04
3.521970473792672419e+04,2.835044958005733861e+03,1.072146109896191774e+04
3.502348216416712239e+04,3.427800630724644634e+03,1.042121104615933655e+04
3.477963314027909655e+04,3.995892582021925591e+03,1.005869466592907702e+04
3.446932826575826766e+04,4.589278115573540163e+03,9.610650913756724549e+03
3.418149458083558420e+04,5.138101200857176082e+03,9.142531239829171682e+03
3.385337844787311769e+04,5.656761952259625104e+03,8.630531429502903848e+03
3.354475877702028811e+04,6.185802333677575916e+03,8.087416020374025720e+03
3.319995601750844799e+04,6.690702270008103369e+03,7.520570014376362451e+03
3.279222706677952374e+04,7.209445034489217505e+03,6.888660103388912830e+03
3.242630534640990663e+04,7.700457448122785536e+03,6.288621484576039620e+03
3.203600816527367715e+04,8.164573138310041941e+03,5.683604263614162846e+03
3.167179743727410823e+04,8.643770715762719192e+03,5.069617546187268999e+03
3.128354130113604333e+04,9.100866423068404401e+03,4.460353156987481270e+03
3.083337168328484404e+04,9.568857921603106661e+03,3.798114107760711704e+03
3.043326771002564783e+04,1.002030330476649760e+04,3.183014359189573497e+03
3.001619327870443885e+04,1.044814739425621519e+04,2.576106011202607533e+03
2.962428782447811318e+04,1.089692060329089145e+04,1.963622737501976417e+03
2.921043244106575730e+04,1.132806287693158629e+04,1.361556839481160296e+03
2.873933825291113317e+04,1.176343289078774615e+04,7.224536572663112111e+02
2.831239508152153212e+04,1.218978410071498911e+04,1.279047200194189173e+02
2.787558732443011468e+04,1.258827840882437704e+04,-4.458691327834628169e+02
2.745924680811043072e+04,1.300733901413845524e+04,-1.019854969680990393e+03
2.702752962703249068e+04,1.340522615418192618e+04,-1.570264823518622507e+03
2.654825659539069602e+04,1.379344258706270921e+04,-2.134100941404282366e+03
2.611656553140381948e+04,1.417303197993030881e+04,-2.646836052610035495e+03
2.569302736134491352e+04,1.451050104517193176e+04,-3.113936184059418792e+03
2.531701109340487528e+04,1.484500467572745220e+04,-3.545674517564642883e+03
2.497082279231839493e+04,1.512627245955625040e+04,-3.909510411071453746e+03
2.464013542583306116e+04,1.537497948678071589e+04,-4.238912257860271893e+03
2.430732611936466856e+04,1.560867504139457742e+04,-4.549979170114457702e+03
2.396505102270337375e+04,1.587218173623464281e+04,-4.870525188953311044e+03
2.360003698849099965e+04,1.612194356995449925e+04,-5.185727590541107929e+03
2.326078807621156375e+04,1.637573241370043615e+04,-5.475503336975587445e+03
2.290909168724237679e+04,1.661890457931156561e+04,-5.754828655162000359e+03
2.256105723474247498e+04,1.684940279168037159e+04,-6.017751005736920888e+03
2.220789120010819897e+04,1.709228799031474773e+04,-6.273260379217164882e+03
2.183581978434262419e+04,1.731872197538876208e+04,-6.515368718631118099e+03
2.148803766426955190e+04,1.754912492432416548e+04,-6.732489875000953361e+03
2.112860968624696397e+04,1.776715885613204955e+04,-6.933823263487579425e+03
2.077404448459817650e+04,1.797319146752571760e+04,-7.119745501988915748e+03
2.041347263592169838e+04,1.819034121542952198e+04,-7.294259216473019478e+03
2.003635408608375292e+04,1.839064656441784609e+04,-7.453007706528786002e+03
1.968243941736207853e+04,1.859509205429462236e+04,-7.587469288936103112e+03
1.931695651372291468e+04,1.878697116703224310e+04,-7.704713862235811575e+03
1.895848523799880786e+04,1.896712023463365404e+04,-7.809556053230673569e+03
1.859179940405140951e+04,1.915856120203285536e+04,-7.900407413229820122e+03
1.821115779642261259e+04,1.933050336965899260e+04,-7.969143212875957033e+03
1.785336474111793723e+04,1.950817701601015142e+04,-8.018781561868562676e+03
1.748410182982864353e+04,1.967190961629223602e+04,-8.047837162246267326e+03
1.712305769812224025e+04,1.982342920599061108e+04,-8.064164545491484205e+03
1.675335476848996041e+04,1.998645295010213886e+04,-8.067012470791346459e+03
1.637129283166653113e+04,2.012981032412878631e+04,-8.048015567578765513e+03
1.601128178390742141e+04,2.028011585685985847e+04,-8.014583444779152160e+03
1.564015221219036903e+04,2.041557695268891621e+04,-7.959039827449736549e+03
1.527838528281455910e+04,2.053928646762868448e+04,-7.893950384697658592e+03
1.490715641395833154e+04,2.067274416848658439e+04,-7.810472030508639364e+03
1.452517237401039165e+04,2.078600134388468723e+04,-7.705064170184268733e+03
1.416524624565660997e+04,2.090737543044045378e+04,-7.590796450747434392e+03
1.379369864797256741e+04,2.101332672610560621e+04,-7.454117110392835457e+03
1.343280215526682150e+04,2.110913089474010485e+04,-7.314814690349809098e+03
1.306141618914056744e+04,2.121434210571701624e+04,-7.156712717215844350e+03
1.268197460253538884e+04,2.129679865928993604e+04,-6.973130204639490330e+03
1.232298775205844504e+04,2.138907254996433767e+04,-6.785899778093990790e+03
1.195317773167105770e+04,2.146477930553307669e+04,-6.576756620176489378e+03
1.159487901922381934e+04,2.153216892759524490e+04,-6.372149966583002424e+03
1.122656185583206025e+04,2.160809400983385422e+04,-6.149120687503717818e+03
1.085031507795010293e+04,2.166067294768242573e+04,-5.900709070323910055e+03
1.049436578463906153e+04,2.172398653082473902e+04,-5.653244500011850505e+03
1.012846262273960929e+04,2.176941674311438692e+04,-5.384574166520577819e+03
9.774623975972668632e+03,2.180811155345945735e+04,-5.126694940074971782e+03
9.410235301089376662e+03,2.185491995987766859e+04,-4.851383257125331511e+03
9.040075134099181014e+03,2.187773504210438477e+04,-4.553367369713120752e+03
8.689343002182587952e+03,2.191283858762639647e+04,-4.261468842821321232e+03
8.328846445903063795e+03,2.192783787485970242e+04,-3.947603296188325203e+03
7.980878466044981906e+03,2.193854293062511351e+04,-3.651662215786283923e+03
7.622037177065095420e+03,2.195620980737691934e+04,-3.338959323039696756e+03
7.259495957477337470e+03,2.195011291196087404e+04,-3.007563925252051376e+03
6.914191503990102319e+03,2.195742950914434186e+04,-2.685560737233664440e+03
6.560979651787061812e+03,2.194367587791488040e+04,-2.344966555062012503e+03
6.220983289352505381e+03,2.192590750244434457e+04,-2.026386210920107487e+03
5.869790177480129387e+03,2.191522409184365824e+04,-1.693582483967818234e+03
5.517901782072882270e+03,2.188093749219689198e+04,-1.346855069297080036e+03
5.180596668112975749e+03,2.186168423214966970e+04,-1.012085960720253297e+03
4.836677517817034641e+03,2.181950705290807309e+04,-6.616194119877403637e+02
4.505677297909852314e+03,2.177570771637084908e+04,-3.379057684684418064e+02
4.164565534810040845e+03,2.173707997052525025e+04,-2.706852010251963758e+00
3.824447366752414837e+03,2.167582712343133244e+04,3.428222879039925601e+02
3.497848414577235872e+03,2.163116093220733455e+04,6.735359444793583634e+02
3.165005060840459919e+03,2.156080269657544341e+04,1.016465436737429741e+03
2.846471668568340647e+03,2.149310689079396252e+04,1.328406103782795526e+03
2.516846170352384888e+03,2.142962071003599704e+04,1.649822791943683114e+03
2.190330745840757572e+03,2.134210901093518260e+04,1.977229337565798460e+03
1.876967945902754536e+03,2.127198887546722472e+04,2.287162856783358166e+03
1.558027397164543345e+03,2.117705147700739326e+04,2.605698609644808585e+03
1.254044744178338760e+03,2.108763649770372649e+04,2.892261180754786892e+03
9.396002248723633556e+02,2.100146575383534946e+04,3.184569175132045075e+03
6.306312322979403007e+02,2.089180766456759739e+04,3.477429122564309637e+03
3.319168480254878091e+02,2.079923540343522109e+04,3.752743393698076488e+03
2.921632126399985907e+01,2.068084126777027268e+04,4.032713736991026963e+03
-2.592699228386942423e+02,2.057200957364783972e+04,4.283889679283366604e+03
-5.581524386306170982e+02,2.046287307240112568e+04,4.534526564793471152e+03
-8.496991021596945757e+02,2.033371569638664369e+04,4.784082968741027798e+03
-1.134696839872216287e+03,2.022236675247929088e+04,5.019503009148937053e+03
-1.421974257220503659e+03,2.008399199653005780e+04,5.254831599781045043e+03
-1.693291210835123138e+03,1.995507822338354163e+04,5.457580546027429591e+03
-1.975442037495871546e+03,1.982727075961853916e+04,5.660034880958876784e+03
-2.247819431384339623e+03,1.968195401138281159e+04,5.859450915192331195e+03
-2.515988327468194711e+03,1.955220398241265502e+04,6.043448305083003106e+03
-2.783087432164407346e+03,1.939738464886158908e+04,6.223657887873459003e+03
-3.037256142976711089e+03,1.925542377339439190e+04,6.380592719062447031e+03
-3.298882659149196115e+03,1.911280338459425548e+04,6.527857769951558112e+03
-3.552249001781151492e+03,1.895192544401781925e+04,6.670947952028594955e+03
-3.807964771401591406e+03,1.880500552487925597e+04,6.806115219545547916e+03
-4.056569102869645121e+03,1.863305736994935796e+04,6.926719435146987962e+03
-4.295988592206384055e+03,1.847714990967326958e+04,7.033088122251739151e+03
-4.541654723772556281e+03,1.831998015970432607e+04,7.129998569179071637e+03
-4.776783835088137494e+03,1.814722365073934270e+04,7.218421938811768996e+03
-5.015893577055332571e+03,1.798688851775231160e+04,7.299965212753486412e+03
-5.245451626395387393e+03,1.780496916038516792e+04,7.368270622599292437e+03
-5.466985877827335571e+03,1.763657464937684927e+04,7.419351590554031645e+03
-5.694136201387222172e+03,1.746745755059025396e+04,7.461799878911638189e+03
-5.910373755452347723e+03,1.728467360102140810e+04,7.496857778291016984e+03
-6.130522038419964701e+03,1.711179483616445941e+04,7.519782988963122989e+03
-6.342091574977585879e+03,1.691964171183144936e+04,7.535162533371163590e+03
-6.546734313332874081e+03,1.674177386812968325e+04,7.536817160199100726e+03
-6.756546939439016569e+03,1.656339223193468933e+04,7.530381434486689614e+03
-6.954613876160766267e+03,1.637302010709721071e+04,7.517713749532723341e+03
-7.157849043711934428e+03,1.619251740005882493e+04,7.494892309518495495e+03
-7.351996415932600030e+03,1.599121171204464190e+04,7.459999597085124151e+03
-7.539292078935334757e+03,1.580701048895908571e+04,7.417669634029812187e+03
-7.732187998961663652e+03,1.562330581225246715e+04,7.371584716031789867e+03
-7.914825216517423542e+03,1.543185703537499467e+04,7.329039415101801751e+03
-8.103905671341894049e+03,1.524813881947377013e+04,7.274822354874340817e+03
-8.284611872308234524e+03,1.504449360451047869e+04,7.211123650520857154e+03
-8.457916071749916227e+03,1.486102809619511027e+04,7.146063583101211407e+03
-8.635954821400498986e+03,1.467544114063070265e+04,7.072217251465006484e+03
-8.800359967991176745e+03,1.448015411533883889e+04,6.990645645810552196e+03
-8.971782020644563090e+03,1.429621335930377245e+04,6.906370570634006071e+03
-9.132053060134066982e+03,1.409038621637750839e+04,6.804313655029150141e+03
-9.287129745478685436e+03,1.390833129304096292e+04,6.711778031549636580e+03
-9.441210252864751965e+03,1.372739043742403373e+04,6.607984345383119035e+03
-9.585069399738622451e+03,1.353593525820615287e+04,6.501926487970341441e+03
-9.735101597624558053e+03,1.335541050287980397e+04,6.390454752329211260e+03
-9.875337675765795211e+03,1.315544001555474097e+04,6.268047544631319397e+03
-1.001099572221942981e+04,1.297900910573931833e+04,6.156040619589671223e+03
-1.014806957337950371e+04,1.280262459245845821e+04,6.035690083245687674e+03
-1.027164511924064573e+04,1.261745421373449244e+04,5.912645063208546162e+03
-1.040442158766231660e+04,1.244415240589897803e+04,5.789420154079984968e+03
-1.052653514273379551e+04,1.224630632503792913e+04,5.646140919183170809e+03
-1.065098500467929625e+04,1.207023752963246079e+04,5.520474802046941477e+03
-1.077371909487734047e+04,1.189122595219294271e+04,5.379689219492099255e+03
-1.088806060619113669e+04,1.170420254127423868e+04,5.241509088113317375e+03
-1.100874662470841940e+04,1.152624959868631959e+04,5.097447298780411984e+03
-1.112114478602104646e+04,1.132585828729052264e+04,4.939231719880596756e+03
-1.123619933494145153e+04,1.114612857171698124e+04,4.798087530717923073e+03
-1.134918143922079980e+04,1.096355893772123818e+04,4.643798984625281264e+03
-1.145479862144059371e+04,1.077427024517527752e+04,4.493354187435846143e+03
-1.156565498307988310e+04,1.059401525370000672e+04,4.337615540364559820e+03
-1.166851080530878608e+04,1.039143905735120097e+04,4.168189827484871785e+03
-1.177273548082687557e+04,1.020833900318674387e+04,4.014404793646756843e+03
-1.187673960585483110e+04,1.002334136528537783e+04,3.851349128612169352e+03
-1.197059429558086413e+04,9.832216679280751123e+03,3.690390457018020243e+03
-1.207266376767487236e+04,9.649273868933387348e+03,3.526319848891832862e+03
-1.216515102802067850e+04,9.442764311816445115e+03,3.346582338112084926e+03
-1.226070690913602994e+04,9.256648884462632850e+03,3.185902367093126031e+03
-1.235535662068857528e+04,9.070856149517610902e+03,3.018062278639752549e+03
-1.243994445221860951e+04,8.878427884550072122e+03,2.852367684870201629e+03
-1.253399629819750407e+04,8.692550308891974055e+03,2.683023037093073526e+03
-1.261648803585981841e+04,8.485389306946486613e+03,2.500469846783296816e+03
-1.270428617274956741e+04,8.295469193987590188e+03,2.335698087111383757e+03
-1.278979849504771482e+04,8.108222356088887864e+03,2.165680868927397569e+03
-1.286451339022190223e+04,7.914122114392785079e+03,1.998694941545535357e+03
-1.294936266544123282e+04,7.727658907728037775e+03,1.829440857323047567e+03
-1.302142024642677643e+04,7.519420767750676532e+03,1.647631739159537119e+03
-1.310101220345044021e+04,7.326985294066676033e+03,1.482841186784737829e+03
-1.317667276089336519e+04,7.137623830251407526e+03,1.314115337859562487e+03
-1.324291713331870233e+04,6.943588224144025844e+03,1.150452654507556645e+03
-1.331956403544685236e+04,6.754952902147239001e+03,9.829471651908538661e+02
-1.338312207424342887e+04,6.545037431035383634e+03,8.045627673639338582e+02
-1.345418003034037611e+04,6.350653677987725132e+03,6.435757604954129647e+02
-1.352004832233276284e+04,6.167162904972627985e+03,4.853043096762084474e+02
-1.357332421759297540e+04,5.987942058740662105e+03,3.410324972847959657e+02
-1.363329899723298513e+04,5.823158737654314791e+03,1.999598017870868034e+02
-1.367782633700811857e+04,5.647031239624477166e+03,5.656897609140000327e+01
-1.372614195176871908e+04,5.498827556001027915e+03,-5.811583560842648666e+01
-1.376676203514820190e+04,5.364073693240698049e+03,-1.672068424278338057e+02
-1.380980319487905945e+04,5.237017433236031138e+03,-2.730856882505605654e+02
-1.384145523426864929e+04,5.104106777221235461e+03,-3.718462343116196962e+02
-1.388122801356772470e+04,4.988285392296786085e+03,-4.662152820569483538e+02
-1.390399661773401749e+04,4.861728060487503171e+03,-5.631644554083627554e+02
-1.393709130810380884e+04,4.758045562359542600e+03,-6.394298159902270982e+02
-1.396303671042042151e+04,4.660334268014355075e+03,-7.132704933237230307e+02
-1.399045086509641988e+04,4.572318207200868528e+03,-7.824081810987618155e+02
-1.401170579361257114e+04,4.469384630982404815e+03,-8.552963452778051305e+02
-1.404220004425414481e+04,4.384852386519281026e+03,-9.231294451935053758e+02
-1.405486253319025309e+04,4.278664749787829351e+03,-9.999449891746745607e+02
-1.408111832575934386e+04,4.192828561587043623e+03,-1.059509671692189158e+03
-1.410014749263928752e+04,4.115294606060665501e+03,-1.115537369814222529e+03
-1.412297638721003932e+04,4.037817762718849735e+03,-1.173600915805732484e+03
-1.413944838018973132e+04,3.948283861398714635e+03,-1.234189770133511047e+03
-1.415867637884527358e+04,3.841589969381786432e+03,-1.312363852789427483e+03
-1.418113444251014698e+04,3.764391312774707330e+03,-1.362828351624016250e+03
-1.419754268553619113e+04,3.697857468817733206e+03,-1.410990435340262138e+03
-1.421716353631076709e+04,3.627773941386184561e+03,-1.461130790632116032e+03
-1.423067379939337116e+04,3.542692932400992959e+03,-1.514671576255205309e+03
-1.424715564537095997e+04,3.438919126676814358e+03,-1.587265438068441654e+03
-1.426775137794386865e+04,3.362386275694004325e+03,-1.634103948296692124e+03
-1.428279762773933908e+04,3.295750674552989494e+03,-1.679782222991971139e+03
-1.430263543736040992e+04,3.227217316090743680e+03,-1.728989896207223410e+03
-1.431413465170451491e+04,3.143745894533872615e+03,-1.778559044584025514e+03
-1.432711058935917208e+04,3.045792246400711065e+03,-1.843167639817245345e+03
-1.434560091505208766e+04,2.972359112336598173e+03,-1.885022293751208053e+03
-1.435813936214004571e+04,2.911366521043129069e+03,-1.924291804664100255e+03
-1.437600557413758361e+04,2.848332539911061758e+03,-1.967266759295061092e+03
-1.438591638047851120e+04,2.767240092630151139e+03,-2.014049704773463873e+03
-1.439735188564393320e+04,2.673323565883238189e+03,-2.074322103263792087e+03
-1.441414030802732850e+04,2.601672975566761124e+03,-2.112110021520615192e+03
-1.442554093672843737e+04,2.539505724691268824e+03,-2.149146483121083747e+03
-1.444251317351962462e+04,2.474986033564158788e+03,-2.190208269499705693e+03
-1.445085044397292404e+04,2.391576790561944108e+03,-2.234370293966495410e+03
-1.446150004005036499e+04,2.296072523600449586e+03,-2.293136115413202333e+03
-1.447856924159847040e+04,2.222469721177767042e+03,-2.331968314453929452e+03
-1.448840785183777189e+04,2.162292748458709411e+03,-2.365004360722554338e+03
-1.450434302389074401e+04,2.098792739480869386e+03,-2.402229918267878020e+03
-1.451101324265207222e+04,2.013638467811428427e+03,-2.444093286385832016e+03
-1.451885552643301162e+04,1.921978401954058199e+03,-2.495450903458516677e+03
-1.453406322827360782e+04,1.850468659056944034e+03,-2.529568518592524470e+03
-1.454355993376459992e+04,1.791951731877020393e+03,-2.561525003151133205e+03
-1.455924908930582751e+04,1.730247154648950072e+03,-2.597755636067931391e+03
-1.456561832842495642e+04,1.646823854937854094e+03,-2.638762106210224829e+03
-1.457142683463659523e+04,1.557334355887349147e+03,-2.684522086402191235e+03
-1.458525156917562708e+04,1.484513111656917772e+03,-2.715393501418066535e+03
-1.459355456497100749e+04,1.425570497805690366e+03,-2.744438577762203295e+03
-1.460778459018475769e+04,1.362997104359542618e+03,-2.777195400152927505e+03
-1.461281434939590690e+04,1.279380262559928269e+03,-2.814859662790548100e+03
-1.461865542708248176e+04,1.189317273130208605e+03,-2.860657610415473755e+03
-1.463227749894568660e+04,1.115648116514483945e+03,-2.891143036516378288e+03
-1.463916641494297801e+04,1.058132063316973017e+03,-2.916270840960435180e+03
-1.465239120659372020e+04,9.946350788736809818e+02,-2.946068988607613392e+03
-1.465525683816904530e+04,9.102713682728804088e+02,-2.978561967554121111e+03
-1.465939247206577420e+04,8.221498424281709276e+02,-3.019415696842043417e+03
-1.467162153661148841e+04,7.500841369369927634e+02,-3.046008662000860568e+03
-1.467826080058748448e+04,6.943406786391984724e+02,-3.070271460229232162e+03
-1.469160040444606784e+04,6.319611786971398715e+02,-3.099580683878093168e+03
-1.469255129182092423e+04,5.472777072740709627e+02,-3.127521926878052909e+03
-1.469492972514997564e+04,4.595497984232367230e+02,-3.163292350583217285e+03
-1.470588556130048528e+04,3.868178550735785279e+02,-3.186459892743581349e+03
-1.471138570597771468e+04,3.318668288936394788e+02,-3.207179268116989533e+03
-1.472381172669020270e+04,2.696662788170802969e+02,-3.233039419449610250e+03
-1.472414816596733363e+04,1.837005761634504779e+02,-3.260707939031975911e+03
-1.472592988682530631e+04,9.696295733033974784e+01,-3.294491030751414200e+03
-1.473567911057198216e+04,2.232380812676685267e+01,-3.314431737677427009e+03
-1.474004174285204135e+04,-3.326482962811085997e+01,-3.331994284152010096e+03
-1.475171479632474620e+04,-9.756006257475910104e+01,-3.355045290479293726e+03
-1.474997927308418730e+04,-1.848644480440455595e+02,-3.377828515664390579e+03
-1.475043463200782389e+04,-2.707177728373424657e+02,-3.407530095821561190e+03
-1.476016500028497285e+04,-3.452394928976764845e+02,-3.427439285174789347e+03
-1.476426569188834947e+04,-4.018910454869987916e+02,-3.444073984749282317e+03
-1.477457368851629690e+04,-4.671993531871900700e+02,-3.463279023717197560e+03
-1.477143952517163598e+04,-5.558324916720359852e+02,-3.482322528678638264e+03
-1.476987288011388409e+04,-6.423820391262524936e+02,-3.505937519962054012e+03
-1.477816315650633260e+04,-7.182504329116447934e+02,-3.521748484744286543e+03
-1.478147207030747632e+04,-7.752560938820275851e+02,-3.536127808870610806e+03
-1.479209174378842908e+04,-8.425103133846745322e+02,-3.555797526713635762e+03
-1.478882722493799702e+04,-9.330049828149395807e+02,-3.575392016515243085e+03
-1.478621561335562365e+04,-1.019746318234821956e+03,-3.595664533600982850e+03
-1.479294970628358897e+04,-1.096505067189940519e+03,-3.606840910206591161e+03
-1.479517122696967817e+04,-1.154204158353675211e+03,-3.617753035271110093e+03
-1.480448133862847499e+04,-1.221916997486668606e+03,-3.632608923481908732e+03
-1.479936839849688477e+04,-1.313041985453002553e+03,-3.647790959825061691e+03
-1.479608141460284969e+04,-1.399469959230894119e+03,-3.665800210694969792e+03
-1.480279293339759715e+04,-1.475804908468957365e+03,-3.676902886766848496e+03
-1.480407270095693093e+04,-1.532605325583635022e+03,-3.684722637825832408e+03
-1.481238953700298225e+04,-1.600582308537907238e+03,-3.695518378489007318e+03
-1.480470818316893201e+04,-1.691410980979446776e+03,-3.703808109472315209e+03
-1.479999864249571874e+04,-1.776880694104869463e+03,-3.717132116384466826e+03
-1.480518778792292869e+04,-1.853586382389780283e+03,-3.723560920617820102e+03
-1.480617238117677152e+04,-1.911000764356483614e+03,-3.730595524809033122e+03
-1.481446201283710616e+04,-1.981507517460642021e+03,-3.741675568809278047e+03
-1.480520871147755679e+04,-2.072404197402444424e+03,-3.744834318067262302e+03
-1.479879382833709133e+04,-2.158990511645682545e+03,-3.752837804069786671e+03
-1.480257059450252382e+04,-2.237242700647406309e+03,-3.755007797613707680e+03
-1.480236913441106117e+04,-2.296203115108166458e+03,-3.758373879731052057e+03
-1.480942153963172677e+04,-2.368187718815168864e+03,-3.765327842713086284e+03
-1.479956550803979553e+04,-2.460034767546248531e+03,-3.767181672583858017e+03
-1.479222215447982489e+04,-2.547142695902809919e+03,-3.772203328789780244e+03
-1.479455255058537296e+04,-2.626278004639426854e+03,-3.769914347244829514e+03
-1.479308965891804110e+04,-2.686314319852658173e+03,-3.769405638410711617e+03
-1.479899385528814855e+04,-2.758951341769108694e+03,-3.772076174229677235e+03
-1.478692564888365996e+04,-2.850963258168929315e+03,-3.767688890063464441e+03
-1.477866815188021610e+04,-2.938918782308985556e+03,-3.769772821118318461e+03
-1.478078235029758798e+04,-3.018383470400460737e+03,-3.766875163342838732e+03
-1.477802137708904957e+04,-3.079220102335770662e+03,-3.762390848902645757e+03
-1.478253525616052502e+04,-3.152702316956474988e+03,-3.760306644055957349e+03
-1.476877927074945364e+04,-3.246018358453469773e+03,-3.751070435903742691e+03
-1.475835249861305238e+04,-3.335219216656800199e+03,-3.746342228232885191e+03
-1.475901090938732159e+04,-3.416045606541286361e+03,-3.739006766358996629e+03
-1.475603988278301040e+04,-3.479512726045648378e+03,-3.734206419562394785e+03
-1.476081946282261742e+04,-3.554809390034321950e+03,-3.732078952544273761e+03
-1.474566040900663756e+04,-3.648309006455475355e+03,-3.719376079981111616e+03
-1.473337090489949151e+04,-3.737828424690846532e+03,-3.708784275453224382e+03
-1.473242432692442526e+04,-3.817891505733431586e+03,-3.696345152425538345e+03
-1.472815850260091793e+04,-3.880971625933683299e+03,-3.687487881457720050e+03
-1.473137781157536119e+04,-3.957306282007681602e+03,-3.679873023509873747e+03
-1.471546498173224245e+04,-4.051268368397930317e+03,-3.665448988466808260e+03
-1.470266983391646136e+04,-4.140686438045464456e+03,-3.653177452737661042e+03
-1.470013789856569383e+04,-4.220633619915072813e+03,-3.635827533198628771e+03
-1.469434274262743929e+04,-4.285882155018705816e+03,-3.622480878496654441e+03
-1.469576831451118778e+04,-4.365821517236548061e+03,-3.609688763832743007e+03
-1.467762480632026200e+04,-4.459438807591942350e+03,-3.588092165006634332e+03
-1.466370885500547411e+04,-4.551203470392992131e+03,-3.572507852027702484e+03
-1.466073379184244914e+04,-4.633454544396609890e+03,-3.554073548457984543e+03
-1.465331886142232543e+04,-4.700819896008380056e+03,-3.536020044705596774e+03
-1.465287809320662018e+04,-4.783960416593047739e+03,-3.517871059894024256e+03
-1.463256201158188560e+04,-4.878028469823310843e+03,-3.489516044049197717e+03
-1.461663922525716953e+04,-4.971630808342143609e+03,-3.467841753475613586e+03
-1.461226366176469128e+04,-5.054709854248480042e+03,-3.445244735932274125e+03
-1.460470268894238870e+04,-5.122738205804285826e+03,-3.426892748039557318e+03
-1.460247721697243105e+04,-5.208768698629540268e+03,-3.403692859954674077e+03
-1.458002783694957543e+04,-5.303781956521272150e+03,-3.368944100353540762e+03
-1.456187484018468786e+04,-5.399242671702229018e+03,-3.340595818480166599e+03
-1.455570694975971674e+04,-5.484330624645348507e+03,-3.312851770028377359e+03
-1.454631676346744825e+04,-5.555251208230646625e+03,-3.289326022705144169e+03
-1.454315522075101399e+04,-5.644593931504644388e+03,-3.263716398283604121e+03
-1.451885077114272826e+04,-5.741585683163907561e+03,-3.223631002775188790e+03
-1.449832277760032775e+04,-5.838047159284235931e+03,-3.188278383659866904e+03
-1.449020980230133500e+04,-5.924512393524531944e+03,-3.155027940143236719e+03
-1.447884017367586785e+04,-5.998603522297389645e+03,-3.126029009955192578e+03
-1.447363497051742888e+04,-6.091715828362269349e+03,-3.094810563194003862e+03
-1.444883686091957497e+04,-6.192176344081400202e+03,-3.053483853867084690e+03
-1.442550496301900967e+04,-6.294922321346265562e+03,-3.010453381560551406e+03
-1.441484794048347612e+04,-6.385526316181058974e+03,-2.970374079727411299e+03
-1.440070318574509656e+04,-6.466821945286676964e+03,-2.934033353596249981e+03
-1.439242647145638512e+04,-6.566009922125404046e+03,-2.894556418179022330e+03
-1.437263315097729537e+04,-6.661360121746132791e+03,-2.853013791584106002e+03
-1.434987507967360398e+04,-6.751392989959921579e+03,-2.808476181690549765e+03
-1.432340674906022286e+04,-6.860077159582926470e+03,-2.756980892617597419e+03
-1.430854681466150760e+04,-6.962727936694967866e+03,-2.706110352609560778e+03
-1.428864059133334740e+04,-7.064939429954355546e+03,-2.655070742328424330e+03
-1.427504939720438051e+04,-7.181823638502593894e+03,-2.601984332771988647e+03
-1.424572359089738347e+04,-7.301757032616375909e+03,-2.536315530174052583e+03
-1.421496708942502300e+04,-7.418408286248393779e+03,-2.471158726493382346e+03
-1.418152850892272545e+04,-7.549857670131862506e+03,-2.401749654255802852e+03
-1.415858514082823785e+04,-7.680685924585582143e+03,-2.330604982936672513e+03
-1.412868189850708404e+04,-7.811012432773165528e+03,-2.254393333112297569e+03
-1.410424960901594204e+04,-7.954664575639572831e+03,-2.173736544595573378e+03
-1.406307583280874860e+04,-8.105301065594692773e+03,-2.081703485475954039e+03
-1.402154886020140111e+04,-8.256284518608523285e+03,-1.987906222333896039e+03
-1.397013357639127025e+04,-8.437061957666543094e+03,-1.873724720591801997e+03
-1.393177338915621476e+04,-8.620130223407431913e+03,-1.758096607389900100e+03
-1.388848511480262096e+04,-8.798164501287981693e+03,-1.642429417056475586e+03
-1.384469360743565267e+04,-8.990140556438222120e+03,-1.515052701586686226e+03
-1.377955250065836117e+04,-9.186453110447664585e+03,-1.376190185975551913e+03
-1.371639755706814321e+04,-9.382285743218344578e+03,-1.235174687268776097e+03
-1.364707623112296460e+04,-9.599170765515515086e+03,-1.079687678607299404e+03
-1.358802767322244290e+04,-9.820384125314290941e+03,-9.175934691896442246e+02
-1.352378373861247201e+04,-1.003738792521427968e+04,-7.522981237379739241e+02
-1.345052963767610527e+04,-1.028933562643927871e+04,-5.618112076098848320e+02
-1.334214202236524943e+04,-1.057105558603919053e+04,-3.297746245859519263e+02
-1.322881371887503337e+04,-1.087735424983857956e+04,-7.800863121380299958e+01
-1.309068355526858431e+04,-1.124567537411264857e+04,2.277107838634890697e+02
-1.295674615839556827e+04,-1.165185937900076169e+04,5.716769493545716614e+02
-1.280518515145244601e+04,-1.206057268028730687e+04,9.281381861658517209e+02
-1.261875285368830919e+04,-1.244748099369501324e+04,1.292336692670324510e+03
-1.245857988952154665e+04,-1.280671638799668108e+04,1.621340551170379285e+03
-1.227933270746498420e+04,-1.318391932990998066e+04,1.974325206434746860e+03
-1.211336780319361242e+04,-1.358461588815309369e+04,2.347281175101413737e+03
-1.193123373054846343e+04,-1.398063922216648280e+04,2.722904474778781605e+03
-1.171653728000889714e+04,-1.434991734661211922e+04,3.097057209785660689e+03
-1.152955875915370052e+04,-1.469820020119689616e+04,3.434782753035130554e+03
-1.132257537105527263e+04,-1.505936962703647441e+04,3.789943577722401187e+03
-1.112596481758664595e+04,-1.544711693753558939e+04,4.164114262504097496e+03
-1.091514376052501939e+04,-1.582829553895329809e+04,4.534231270628838502e+03
-1.067431625777810768e+04,-1.617707416449803713e+04,4.892972458742563504e+03
-1.046092530891799652e+04,-1.651106091617668790e+04,5.216615795904251172e+03
-1.022755519452080080e+04,-1.685287337722743905e+04,5.549123697112033369e+03
-9.999653348128653306e+03,-1.722441111851753885e+04,5.898907245929176497e+03
-9.756613686350909120e+03,-1.758590922687508646e+04,6.235029082265937177e+03
-9.485812184128906665e+03,-1.790864612421108905e+04,6.547920188075901024e+03
-9.241044410371829144e+03,-1.822200612016682862e+04,6.827516344800629668e+03
-8.975347712731314459e+03,-1.853717620196354255e+04,7.104168699031677534e+03
-8.708173512486706386e+03,-1.888244701067245114e+04,7.389325321526383050e+03
-8.429611413801092567e+03,-1.921717994332315357e+04,7.657393513384840844e+03
-8.128218326783976408e+03,-1.950992776627492276e+04,7.897109621688557127e+03
-7.852908643589674284e+03,-1.979845056499004204e+04,8.107488453368951923e+03
-7.558088712815320832e+03,-2.008384042519105060e+04,8.305528495576525529e+03
-7.254428605975160281e+03,-2.039963561804571145e+04,8.500537526101024923e+03
-6.943811192216169729e+03,-2.070440578376008125e+04,8.678492337819259774e+03
-6.614350541527110181e+03,-2.096388601684701280e+04,8.823225978583968754e+03
-6.310001963899033399e+03,-2.122532406810424072e+04,8.946226345137798489e+03
-5.987286771209527615e+03,-2.147882261867097259e+04,9.047250540307888514e+03
-5.649694353763931758e+03,-2.176260461401645443e+04,9.134221524458524073e+03
-5.309547492255689576e+03,-2.203561490516983758e+04,9.208456629589854856e+03
-4.954294036716593837e+03,-2.226073526400033370e+04,9.245795212594208351e+03
-4.622309087225854455e+03,-2.249250573168304982e+04,9.267744541344583922e+03
-4.274352282007534086e+03,-2.271171766824365113e+04,9.260837286556950858e+03
-3.904011441453234056e+03,-2.295953369221571847e+04,9.223737997991924203e+03
-3.536123808639747040e+03,-2.319749621128724903e+04,9.183207146032882520e+03
-3.157875846547209676e+03,-2.338695446299391915e+04,9.108484663632285447e+03
-2.801398549139461920e+03,-2.358611088332408326e+04,9.023705499267091000e+03
-2.430545023304896404e+03,-2.376919881026919029e+04,8.905378147616365823e+03
-2.031049744427253927e+03,-2.397808856267361989e+04,8.741598081587737397e+03
-1.637782125669538800e+03,-2.417803662222607818e+04,8.585277869837653270e+03
-1.238681989457392774e+03,-2.432989691474170468e+04,8.396980432122718412e+03
-8.584203459327568453e+02,-2.449428290682242005e+04,8.204558152784456979e+03
-4.674452853631829043e+02,-2.463932179266648018e+04,7.978974869597870565e+03
-4.024899776626376280e+01,-2.480771973426031400e+04,7.693635568788388809e+03
3.752105473550764145e+02,-2.496701217521444778e+04,7.428221225968225554e+03
7.927582449714049062e+02,-2.507971494573289601e+04,7.135373082827973121e+03
1.194731929315750904e+03,-2.520688494267352507e+04,6.842876229427299222e+03
1.602802886039567284e+03,-2.531187328954774057e+04,6.521221530707081911e+03
2.054901068109722019e+03,-2.543676724897476379e+04,6.126618295158540604e+03
2.489648905565785753e+03,-2.555403954494978461e+04,5.767954986585136794e+03
2.923457870157127672e+03,-2.562578055370430229e+04,5.385877305043251909e+03
3.344981713756753834e+03,-2.571361769401584752e+04,5.008560258295690801e+03
3.768795208978152004e+03,-2.577760705345953465e+04,4.608214775313557766e+03
4.243123339182830023e+03,-2.585634707645186063e+04,4.125285934506541707e+03
4.694421397726704527e+03,-2.592944095330627533e+04,3.694234949556176616e+03
5.141365588121795554e+03,-2.595920106778853369e+04,3.246877267139918786e+03
5.580312308358100381e+03,-2.600614978689017880e+04,2.806785452383946449e+03
6.017266862106968802e+03,-2.602743351507217812e+04,2.351226436012854720e+03
6.512015414161672197e+03,-2.605756310246884459e+04,1.807790204395134879e+03
6.978495436481634897e+03,-2.608524044133839561e+04,1.330231397878862936e+03
7.436051432342245789e+03,-2.607249517306410416e+04,8.461956191597107590e+02
7.889677758721470127e+03,-2.607580165090551600e+04,3.702812417591342182e+02
8.338410298498760312e+03,-2.605252585108880885e+04,-1.126162273711514246e+02
8.850809447029640069e+03,-2.603324356234157676e+04,-6.816155285321684687e+02
9.330228632479220323e+03,-2.601425339867029106e+04,-1.174888943165415185e+03
9.797952803328140362e+03,-2.595634725786198760e+04,-1.665562636246943384e+03
1.026586194814121154e+04,-2.591307707007112913e+04,-2.147601044022926089e+03
1.072545412568478605e+04,-2.584520619431851810e+04,-2.626578037746210612e+03
1.125315205873036211e+04,-2.577312470931198186e+04,-3.182588550084393319e+03
1.174128103343978000e+04,-2.570460013825606802e+04,-3.654832076447568397e+03
1.221620556271143505e+04,-2.560152242461301648e+04,-4.116715746385551029e+03
1.269446589630370909e+04,-2.551004995390935437e+04,-4.568506025863168361e+03
1.315956101657905310e+04,-2.539517936493035086e+04,-5.004697867412947744e+03
1.369811022357278125e+04,-2.526872171841706586e+04,-5.504709324185654623e+03
1.419214256326709619e+04,-2.514918231870601812e+04,-5.918542391273936119e+03
1.467172148512193235e+04,-2.499834225261215033e+04,-6.314418093234889056e+03
1.515691590281133722e+04,-2.485733961262708908e+04,-6.699833255235746947e+03
1.562718293981092029e+04,-2.469362735106995024e+04,-7.059786382663381119e+03
1.617514966514009029e+04,-2.450914502059896040e+04,-7.461039440983146051e+03
1.667253124811060479e+04,-2.433724956549360650e+04,-7.781333284040672879e+03
1.715630455978937607e+04,-2.413680267947315224e+04,-8.077503644874278507e+03
1.764327750153062516e+04,-2.394352797035905314e+04,-8.355286814593166127e+03
1.811148848154411462e+04,-2.373152322740964155e+04,-8.604057689933310030e+03
1.866142409966918785e+04,-2.348722568743369266e+04,-8.861125280333511910e+03
1.915553320522662762e+04,-2.326450850328763772e+04,-9.051867815280549621e+03
1.963301540977260447e+04,-2.301314641689645578e+04,-9.209102340475586971e+03
2.011846091872374382e+04,-2.276851618947583120e+04,-9.353514856479210721e+03
2.056527409877948594e+04,-2.253143950269285051e+04,-9.462642037481646184e+03
2.101990945037994970e+04,-2.225935556190293573e+04,-9.531150184757498209e+03
2.156216371217380220e+04,-2.194680268041355521e+04,-9.578241040429398709e+03
2.205103679823580387e+04,-2.166028983515967411e+04,-9.583887961886563062e+03
2.251898645892786590e+04,-2.134889524008117587e+04,-9.549504379196621812e+03
2.299131862468328472e+04,-2.104528889825326769e+04,-9.504790608612105643e+03
